{"cameraMode":{"drawMode":0,"name":"Shaded","section":"Shading Mode"},"sceneLighting":true,"audioPlay":false,"sceneViewState":{"showFog":false,"showMaterialUpdate":false,"showSkybox":false,"showFlares":false,"showImageEffects":false,"showParticleSystems":false},"in2DMode":false,"pivot":{"x":-3.9172677993774416,"y":-0.07954120635986328,"z":5.815269470214844},"rotation":{"x":0.3966692388057709,"y":-0.0862632617354393,"z":0.03747325390577316,"w":0.9131332635879517},"size":22.0,"orthographic":false}