{"cameraMode":{"drawMode":0,"name":"Shaded","section":"Shading Mode"},"sceneLighting":true,"audioPlay":false,"sceneViewState":{"showFog":true,"showMaterialUpdate":true,"showSkybox":true,"showFlares":true,"showImageEffects":true,"showParticleSystems":true},"in2DMode":false,"pivot":{"x":-4.018490791320801,"y":13.516657829284668,"z":2.553816795349121},"rotation":{"x":-0.3805948793888092,"y":0.4300844371318817,"z":-0.20664361119270326,"w":-0.7921409010887146},"size":14.378575325012207,"orthographic":false}