{"cameraMode":{"drawMode":0,"name":"Shaded","section":"Shading Mode"},"sceneLighting":true,"audioPlay":false,"sceneViewState":{"showFog":true,"showMaterialUpdate":true,"showSkybox":true,"showFlares":true,"showImageEffects":true,"showParticleSystems":true},"in2DMode":false,"pivot":{"x":-20.183589935302736,"y":-1.9970898628234864,"z":39.1353645324707},"rotation":{"x":-0.08942002803087235,"y":0.29936185479164126,"z":-0.028202170506119729,"w":-0.9495381712913513},"size":41.795623779296878,"orthographic":false}