{"cameraMode":{"drawMode":0,"name":"Shaded","section":"Shading Mode"},"sceneLighting":true,"audioPlay":false,"sceneViewState":{"showFog":true,"showMaterialUpdate":true,"showSkybox":true,"showFlares":true,"showImageEffects":true,"showParticleSystems":true},"in2DMode":false,"pivot":{"x":-60.236549377441409,"y":5.793659210205078,"z":12.493525505065918},"rotation":{"x":-0.004994455259293318,"y":-0.6551074385643005,"z":-0.0043169306591153149,"w":0.7555477619171143},"size":65.23680114746094,"orthographic":false}