{"cameraMode":{"drawMode":0,"name":"Shaded","section":"Shading Mode"},"sceneLighting":false,"audioPlay":false,"sceneViewState":{"showFog":false,"showMaterialUpdate":false,"showSkybox":false,"showFlares":false,"showImageEffects":false,"showParticleSystems":false},"in2DMode":false,"pivot":{"x":6.032999515533447,"y":12.890716552734375,"z":14.126500129699707},"rotation":{"x":-0.28460055589675906,"y":0.48893943428993227,"z":-0.17257621884346009,"w":-0.8063251972198486},"size":22.330535888671876,"orthographic":false}